src_ip,src_port,dst_ip,dst_port,Total Length of Fwd Packet,Fwd Packet Length Max,Fwd Packet Length Mean,Bwd Packet Length Max,Bwd Packet Length Min,Bwd Packet Length Mean,Bwd Packet Length Std,Packet Length Max,Packet Length Min,Packet Length Mean,Packet Length Std,Packet Length Variance,Bwd IAT Total,URG Flag Count,Average Packet Size,Fwd Segment Size Avg,Bwd Segment Size Avg,Subflow Fwd Bytes,Label
192.168.0.104,57251,34.234.248.49,443,163,55.0,54.333333333333336,78.0,60.0,68.0,7.483314773547883,78,54,61.16666666666666,8.64902049688608,74.80555555555556,654422.9984283447,0,61.16666666666666,54.333333333333336,68.0,163,BENIGN
192.168.0.104,55330,192.168.0.1,53,76,76.0,76.0,172.0,172.0,172.0,0.0,172,76,124.0,48.0,2304.0,0.0,0,124.0,76.0,172.0,76,BENIGN
192.168.0.104,57250,34.234.248.49,443,273,55.0,54.6,78.0,60.0,67.2,5.878775382679628,78,54,60.9,7.555792479945436,57.09,2864381.0749053955,0,60.9,54.6,67.2,273,BENIGN
192.168.0.104,57252,54.83.8.39,443,7562,2179.0,328.7826086956522,1514.0,60.0,379.64,517.7369123406212,2179,54,355.2708333333333,524.1181776558657,274699.8641493056,2077812.910079956,0,355.2708333333333,328.7826086956522,379.64,7562,BENIGN
192.168.0.104,57127,84.53.188.178,443,108,54.0,54.0,85.0,60.0,72.5,12.5,85,54,63.25,12.794041581923986,163.6875,0.0,0,63.25,54.0,72.5,108,BENIGN
192.168.0.104,57253,34.234.248.49,443,1927,1155.0,385.4,550.0,60.0,208.0,176.35286596291348,1155,54,288.6363636363636,330.7930615759298,109424.04958677688,327960.9680175781,0,288.6363636363636,385.4,208.0,1927,BENIGN
